ID,Class
6284,H
6285,E
6286,A
6287,D
6288,P
6289,E
6290,O
6291,I
6292,S
6293,H
6294,N
6295,A
6296,K
6297,H
6298,e
6299,A
6300,A
6301,R
6302,A
6303,S
6304,R
6305,T
6306,A
6307,a
6308,R
6309,S
6310,A
6311,O
6312,O
6313,r
6314,A
6315,W
6316,e
6317,U
6318,c
6319,A
6320,L
6321,o
6322,o
6323,I
6324,W
6325,I
6326,R
6327,N
6328,E
6329,l
6330,O
6331,A
6332,i
6333,v
6334,e
6335,E
6336,i
6337,I
6338,N
6339,O
6340,O
6341,S
6342,R
6343,H
6344,O
6345,r
6346,E
6347,0
6348,Y
6349,E
6350,O
6351,p
6352,R
6353,I
6354,D
6355,E
6356,O
6357,A
6358,r
6359,N
6360,a
6361,N
6362,A
6363,R
6364,A
6365,M
6366,E
6367,N
6368,P
6369,I
6370,y
6371,A
6372,N
6373,R
6374,E
6375,E
6376,L
6377,A
6378,e
6379,S
6380,T
6381,M
6382,O
6383,E
6384,A
6385,R
6386,E
6387,A
6388,n
6389,o
6390,A
6391,E
6392,T
6393,a
6394,A
6395,P
6396,I
6397,A
6398,S
6399,A
6400,L
6401,S
6402,A
6403,E
6404,N
6405,M
6406,O
6407,T
6408,I
6409,S
6410,N
6411,C
6412,A
6413,O
6414,R
6415,A
6416,N
6417,o
6418,P
6419,N
6420,R
6421,h
6422,O
6423,R
6424,S
6425,L
6426,S
6427,A
6428,o
6429,O
6430,A
6431,S
6432,J
6433,S
6434,S
6435,D
6436,I
6437,T
6438,C
6439,o
6440,R
6441,R
6442,E
6443,V
6444,s
6445,I
6446,E
6447,I
6448,N
6449,A
6450,I
6451,L
6452,S
6453,I
6454,R
6455,E
6456,R
6457,B
6458,I
6459,T
6460,O
6461,N
6462,A
6463,i
6464,R
6465,C
6466,H
6467,C
6468,A
6469,A
6470,u
6471,H
6472,A
6473,S
6474,A
6475,N
6476,A
6477,U
6478,R
6479,A
6480,X
6481,T
6482,e
6483,T
6484,R
6485,H
6486,A
6487,A
6488,A
6489,P
6490,E
6491,O
6492,P
6493,A
6494,V
6495,R
6496,O
6497,E
6498,A
6499,U
6500,e
6501,t
6502,O
6503,O
6504,A
6505,E
6506,N
6507,I
6508,a
6509,E
6510,N
6511,E
6512,I
6513,I
6514,M
6515,a
6516,N
6517,S
6518,N
6519,I
6520,O
6521,e
6522,N
6523,e
6524,S
6525,L
6526,E
6527,I
6528,O
6529,L
6530,r
6531,C
6532,N
6533,A
6534,a
6535,C
6536,i
6537,R
6538,L
6539,a
6540,R
6541,O
6542,R
6543,E
6544,O
6545,h
6546,A
6547,T
6548,M
6549,I
6550,A
6551,E
6552,N
6553,M
6554,e
6555,I
6556,w
6557,O
6558,I
6559,I
6560,o
6561,R
6562,O
6563,O
6564,G
6565,E
6566,E
6567,T
6568,L
6569,S
6570,F
6571,O
6572,O
6573,N
6574,S
6575,O
6576,H
6577,O
6578,0
6579,E
6580,A
6581,X
6582,R
6583,A
6584,E
6585,T
6586,I
6587,e
6588,L
6589,A
6590,A
6591,E
6592,I
6593,L
6594,e
6595,R
6596,A
6597,o
6598,I
6599,A
6600,I
6601,D
6602,P
6603,E
6604,U
6605,B
6606,L
6607,A
6608,A
6609,T
6610,N
6611,C
6612,E
6613,A
6614,n
6615,C
6616,O
6617,P
6618,M
6619,E
6620,R
6621,O
6622,C
6623,O
6624,T
6625,n
6626,G
6627,P
6628,O
6629,E
6630,K
6631,O
6632,T
6633,n
6634,R
6635,E
6636,L
6637,D
6638,T
6639,E
6640,C
6641,T
6642,P
6643,0
6644,s
6645,E
6646,i
6647,C
6648,O
6649,D
6650,P
6651,E
6652,R
6653,o
6654,N
6655,E
6656,S
6657,P
6658,A
6659,A
6660,C
6661,E
6662,L
6663,R
6664,E
6665,I
6666,R
6667,0
6668,A
6669,I
6670,I
6671,C
6672,E
6673,O
6674,R
6675,P
6676,A
6677,n
6678,P
6679,I
6680,L
6681,T
6682,E
6683,L
6684,A
6685,o
6686,N
6687,I
6688,R
6689,L
6690,A
6691,S
6692,T
6693,A
6694,O
6695,A
6696,E
6697,E
6698,P
6699,A
6700,H
6701,O
6702,K
6703,S
6704,O
6705,A
6706,H
6707,L
6708,I
6709,A
6710,t
6711,O
6712,n
6713,T
6714,E
6715,E
6716,A
6717,E
6718,A
6719,O
6720,V
6721,S
6722,R
6723,M
6724,n
6725,M
6726,T
6727,N
6728,E
6729,7
6730,S
6731,R
6732,T
6733,C
6734,E
6735,l
6736,a
6737,D
6738,R
6739,n
6740,E
6741,T
6742,T
6743,E
6744,A
6745,S
6746,R
6747,N
6748,a
6749,R
6750,I
6751,t
6752,t
6753,n
6754,A
6755,O
6756,e
6757,E
6758,R
6759,A
6760,T
6761,E
6762,e
6763,N
6764,O
6765,S
6766,I
6767,O
6768,o
6769,O
6770,t
6771,S
6772,A
6773,R
6774,V
6775,T
6776,A
6777,A
6778,O
6779,0
6780,C
6781,a
6782,0
6783,A
6784,T
6785,C
6786,t
6787,T
6788,A
6789,a
6790,0
6791,i
6792,N
6793,O
6794,M
6795,T
6796,o
6797,A
6798,O
6799,O
6800,N
6801,T
6802,O
6803,A
6804,A
6805,a
6806,I
6807,E
6808,C
6809,M
6810,D
6811,R
6812,R
6813,E
6814,A
6815,D
6816,A
6817,S
6818,t
6819,O
6820,A
6821,I
6822,S
6823,R
6824,L
6825,H
6826,s
6827,N
6828,N
6829,P
6830,R
6831,a
6832,C
6833,E
6834,S
6835,C
6836,E
6837,A
6838,A
6839,I
6840,I
6841,I
6842,a
6843,E
6844,A
6845,d
6846,E
6847,D
6848,a
6849,L
6850,h
6851,O
6852,I
6853,E
6854,E
6855,O
6856,n
6857,I
6858,N
6859,T
6860,R
6861,N
6862,E
6863,T
6864,N
6865,I
6866,E
6867,K
6868,T
6869,A
6870,r
6871,L
6872,T
6873,O
6874,S
6875,A
6876,I
6877,A
6878,L
6879,I
6880,a
6881,R
6882,O
6883,Y
6884,L
6885,E
6886,I
6887,A
6888,A
6889,E
6890,a
6891,S
6892,I
6893,I
6894,R
6895,T
6896,I
6897,N
6898,r
6899,A
6900,I
6901,R
6902,G
6903,A
6904,S
6905,R
6906,I
6907,R
6908,B
6909,I
6910,L
6911,I
6912,R
6913,D
6914,I
6915,O
6916,T
6917,e
6918,O
6919,T
6920,R
6921,Y
6922,M
6923,9
6924,E
6925,R
6926,P
6927,N
6928,E
6929,D
6930,R
6931,N
6932,O
6933,A
6934,C
6935,L
6936,O
6937,A
6938,e
6939,A
6940,D
6941,I
6942,R
6943,P
6944,O
6945,C
6946,N
6947,I
6948,T
6949,1
6950,L
6951,Y
6952,a
6953,D
6954,n
6955,I
6956,O
6957,A
6958,I
6959,0
6960,T
6961,E
6962,C
6963,E
6964,O
6965,A
6966,I
6967,N
6968,V
6969,I
6970,I
6971,i
6972,S
6973,L
6974,T
6975,t
6976,e
6977,R
6978,O
6979,i
6980,l
6981,O
6982,N
6983,A
6984,n
6985,O
6986,N
6987,F
6988,A
6989,E
6990,R
6991,I
6992,o
6993,T
6994,S
6995,N
6996,I
6997,a
6998,A
6999,L
7000,A
7001,A
7002,I
7003,W
7004,R
7005,A
7006,P
7007,a
7008,E
7009,I
7010,A
7011,R
7012,O
7013,R
7014,O
7015,3
7016,E
7017,E
7018,L
7019,i
7020,A
7021,M
7022,N
7023,O
7024,L
7025,w
7026,P
7027,e
7028,E
7029,S
7030,C
7031,R
7032,T
7033,e
7034,O
7035,A
7036,A
7037,E
7038,C
7039,T
7040,A
7041,E
7042,0
7043,T
7044,E
7045,E
7046,o
7047,R
7048,a
7049,I
7050,I
7051,O
7052,I
7053,E
7054,A
7055,E
7056,2
7057,n
7058,T
7059,i
7060,O
7061,A
7062,T
7063,e
7064,N
7065,O
7066,s
7067,E
7068,I
7069,O
7070,F
7071,a
7072,7
7073,S
7074,2
7075,R
7076,A
7077,O
7078,P
7079,C
7080,E
7081,A
7082,A
7083,A
7084,P
7085,i
7086,A
7087,h
7088,I
7089,O
7090,E
7091,R
7092,L
7093,R
7094,e
7095,A
7096,A
7097,O
7098,E
7099,E
7100,T
7101,R
7102,D
7103,L
7104,I
7105,O
7106,E
7107,L
7108,O
7109,I
7110,t
7111,A
7112,Y
7113,E
7114,E
7115,I
7116,L
7117,L
7118,A
7119,S
7120,i
7121,R
7122,A
7123,S
7124,S
7125,S
7126,R
7127,e
7128,A
7129,E
7130,A
7131,O
7132,S
7133,W
7134,N
7135,C
7136,O
7137,0
7138,E
7139,H
7140,l
7141,T
7142,A
7143,N
7144,A
7145,T
7146,i
7147,e
7148,W
7149,O
7150,I
7151,I
7152,E
7153,O
7154,O
7155,A
7156,O
7157,E
7158,E
7159,A
7160,E
7161,P
7162,a
7163,N
7164,I
7165,A
7166,L
7167,K
7168,E
7169,N
7170,R
7171,O
7172,R
7173,L
7174,I
7175,e
7176,S
7177,R
7178,A
7179,P
7180,h
7181,A
7182,H
7183,M
7184,A
7185,7
7186,A
7187,A
7188,T
7189,N
7190,H
7191,I
7192,A
7193,i
7194,S
7195,A
7196,O
7197,H
7198,K
7199,O
7200,N
7201,1
7202,O
7203,O
7204,O
7205,e
7206,o
7207,T
7208,N
7209,R
7210,T
7211,A
7212,O
7213,R
7214,A
7215,0
7216,N
7217,t
7218,T
7219,A
7220,E
7221,A
7222,R
7223,R
7224,W
7225,L
7226,S
7227,e
7228,A
7229,O
7230,r
7231,A
7232,4
7233,R
7234,D
7235,O
7236,O
7237,A
7238,O
7239,K
7240,R
7241,L
7242,T
7243,A
7244,P
7245,N
7246,S
7247,O
7248,a
7249,O
7250,U
7251,0
7252,E
7253,E
7254,a
7255,A
7256,S
7257,a
7258,A
7259,E
7260,I
7261,I
7262,O
7263,N
7264,N
7265,A
7266,C
7267,S
7268,O
7269,a
7270,E
7271,N
7272,O
7273,R
7274,S
7275,A
7276,I
7277,Y
7278,R
7279,L
7280,t
7281,n
7282,A
7283,T
7284,l
7285,N
7286,E
7287,P
7288,I
7289,A
7290,O
7291,E
7292,S
7293,E
7294,T
7295,O
7296,A
7297,R
7298,A
7299,A
7300,0
7301,i
7302,E
7303,O
7304,I
7305,E
7306,E
7307,O
7308,T
7309,T
7310,A
7311,E
7312,r
7313,A
7314,A
7315,A
7316,A
7317,S
7318,R
7319,e
7320,C
7321,m
7322,T
7323,G
7324,A
7325,I
7326,D
7327,O
7328,e
7329,T
7330,R
7331,R
7332,T
7333,A
7334,A
7335,E
7336,7
7337,R
7338,H
7339,T
7340,I
7341,I
7342,E
7343,E
7344,D
7345,R
7346,A
7347,O
7348,P
7349,K
7350,A
7351,e
7352,R
7353,D
7354,u
7355,T
7356,0
7357,T
7358,r
7359,e
7360,l
7361,L
7362,E
7363,I
7364,E
7365,C
7366,T
7367,N
7368,A
7369,E
7370,A
7371,I
7372,O
7373,r
7374,H
7375,E
7376,S
7377,I
7378,I
7379,4
7380,E
7381,X
7382,S
7383,S
7384,O
7385,R
7386,0
7387,a
7388,O
7389,I
7390,N
7391,T
7392,T
7393,a
7394,a
7395,N
7396,H
7397,L
7398,O
7399,O
7400,I
7401,E
7402,R
7403,N
7404,A
7405,e
7406,R
7407,E
7408,E
7409,O
7410,S
7411,N
7412,7
7413,r
7414,3
7415,A
7416,I
7417,T
7418,A
7419,D
7420,E
7421,I
7422,C
7423,O
7424,7
7425,T
7426,S
7427,T
7428,H
7429,A
7430,A
7431,I
7432,t
7433,A
7434,e
7435,r
7436,R
7437,A
7438,M
7439,A
7440,e
7441,a
7442,A
7443,O
7444,E
7445,S
7446,P
7447,X
7448,C
7449,U
7450,A
7451,L
7452,D
7453,A
7454,s
7455,i
7456,N
7457,C
7458,H
7459,R
7460,S
7461,N
7462,E
7463,T
7464,I
7465,T
7466,A
7467,O
7468,A
7469,A
7470,A
7471,C
7472,N
7473,I
7474,P
7475,A
7476,P
7477,R
7478,S
7479,A
7480,N
7481,C
7482,a
7483,E
7484,L
7485,A
7486,I
7487,L
7488,N
7489,E
7490,P
7491,I
7492,A
7493,x
7494,I
7495,I
7496,E
7497,C
7498,E
7499,I
7500,e
7501,O
7502,P
7503,N
7504,O
7505,Y
7506,O
7507,2
7508,O
7509,I
7510,I
7511,O
7512,R
7513,S
7514,A
7515,S
7516,T
7517,L
7518,E
7519,H
7520,E
7521,R
7522,E
7523,A
7524,I
7525,N
7526,T
7527,N
7528,F
7529,T
7530,R
7531,R
7532,O
7533,A
7534,E
7535,A
7536,S
7537,N
7538,I
7539,R
7540,l
7541,l
7542,R
7543,3
7544,E
7545,O
7546,A
7547,R
7548,E
7549,e
7550,A
7551,A
7552,A
7553,A
7554,a
7555,N
7556,C
7557,N
7558,E
7559,S
7560,M
7561,C
7562,E
7563,I
7564,T
7565,A
7566,E
7567,9
7568,R
7569,R
7570,N
7571,A
7572,F
7573,E
7574,N
7575,e
7576,R
7577,I
7578,o
7579,a
7580,I
7581,R
7582,D
7583,i
7584,J
7585,n
7586,T
7587,A
7588,P
7589,w
7590,S
7591,P
7592,E
7593,T
7594,M
7595,C
7596,O
7597,R
7598,T
7599,E
7600,R
7601,i
7602,L
7603,N
7604,A
7605,N
7606,S
7607,e
7608,S
7609,A
7610,E
7611,V
7612,E
7613,D
7614,I
7615,n
7616,A
7617,E
7618,i
7619,G
7620,Y
7621,M
7622,T
7623,A
7624,A
7625,O
7626,M
7627,O
7628,O
7629,e
7630,n
7631,O
7632,I
7633,A
7634,R
7635,O
7636,X
7637,P
7638,0
7639,A
7640,I
7641,E
7642,I
7643,T
7644,A
7645,L
7646,t
7647,P
7648,A
7649,O
7650,E
7651,R
7652,I
7653,A
7654,D
7655,5
7656,i
7657,E
7658,A
7659,r
7660,N
7661,A
7662,R
7663,A
7664,v
7665,L
7666,e
7667,T
7668,R
7669,P
7670,N
7671,S
7672,O
7673,I
7674,Y
7675,I
7676,I
7677,A
7678,O
7679,I
7680,T
7681,A
7682,a
7683,s
7684,N
7685,n
7686,E
7687,I
7688,E
7689,O
7690,O
7691,O
7692,M
7693,C
7694,i
7695,T
7696,H
7697,U
7698,E
7699,A
7700,U
7701,E
7702,N
7703,P
7704,P
7705,R
7706,I
7707,R
7708,E
7709,a
7710,O
7711,R
7712,E
7713,e
7714,A
7715,G
7716,z
7717,N
7718,A
7719,T
7720,T
7721,S
7722,S
7723,P
7724,C
7725,S
7726,I
7727,A
7728,N
7729,S
7730,A
7731,A
7732,N
7733,E
7734,D
7735,N
7736,n
7737,S
7738,R
7739,L
7740,N
7741,O
7742,A
7743,A
7744,I
7745,A
7746,R
7747,c
7748,A
7749,N
7750,T
7751,i
7752,C
7753,T
7754,E
7755,R
7756,R
7757,D
7758,e
7759,A
7760,O
7761,I
7762,S
7763,A
7764,R
7765,I
7766,i
7767,A
7768,S
7769,A
7770,N
7771,l
7772,R
7773,i
7774,R
7775,R
7776,A
7777,n
7778,E
7779,O
7780,E
7781,A
7782,r
7783,A
7784,T
7785,3
7786,C
7787,V
7788,R
7789,O
7790,P
7791,E
7792,T
7793,t
7794,N
7795,A
7796,E
7797,N
7798,e
7799,O
7800,E
7801,I
7802,I
7803,R
7804,A
7805,I
7806,I
7807,E
7808,o
7809,U
7810,R
7811,O
7812,S
7813,C
7814,T
7815,a
7816,I
7817,E
7818,A
7819,E
7820,T
7821,F
7822,e
7823,r
7824,T
7825,a
7826,A
7827,r
7828,E
7829,P
7830,R
7831,P
7832,A
7833,S
7834,D
7835,R
7836,A
7837,R
7838,S
7839,S
7840,Y
7841,e
7842,l
7843,r
7844,N
7845,E
7846,E
7847,E
7848,S
7849,N
7850,r
7851,R
7852,A
7853,M
7854,E
7855,i
7856,I
7857,U
7858,O
7859,S
7860,L
7861,E
7862,t
7863,L
7864,R
7865,7
7866,N
7867,A
7868,A
7869,N
7870,O
7871,E
7872,G
7873,L
7874,A
7875,N
7876,E
7877,B
7878,S
7879,N
7880,D
7881,I
7882,I
7883,C
7884,a
7885,S
7886,E
7887,D
7888,A
7889,A
7890,E
7891,2
7892,E
7893,A
7894,s
7895,N
7896,I
7897,E
7898,A
7899,E
7900,e
7901,e
7902,E
7903,S
7904,N
7905,T
7906,O
7907,V
7908,e
7909,I
7910,A
7911,K
7912,2
7913,O
7914,2
7915,C
7916,R
7917,T
7918,A
7919,L
7920,v
7921,J
7922,S
7923,H
7924,E
7925,S
7926,R
7927,T
7928,L
7929,r
7930,O
7931,a
7932,E
7933,H
7934,T
7935,A
7936,a
7937,L
7938,N
7939,I
7940,T
7941,r
7942,H
7943,O
7944,I
7945,E
7946,R
7947,E
7948,R
7949,o
7950,T
7951,L
7952,A
7953,A
7954,I
7955,R
7956,I
7957,I
7958,I
7959,E
7960,I
7961,E
7962,N
7963,R
7964,T
7965,O
7966,I
7967,E
7968,S
7969,R
7970,S
7971,N
7972,A
7973,A
7974,i
7975,R
7976,A
7977,A
7978,R
7979,T
7980,E
7981,T
7982,A
7983,T
7984,i
7985,L
7986,r
7987,N
7988,e
7989,O
7990,T
7991,A
7992,R
7993,A
7994,C
7995,o
7996,O
7997,R
7998,O
7999,D
8000,N
8001,O
8002,S
8003,R
8004,e
8005,T
8006,T
8007,I
8008,T
8009,A
8010,I
8011,A
8012,G
8013,R
8014,T
8015,E
8016,L
8017,c
8018,r
8019,A
8020,T
8021,A
8022,a
8023,O
8024,H
8025,E
8026,O
8027,A
8028,O
8029,A
8030,r
8031,N
8032,C
8033,e
8034,i
8035,S
8036,M
8037,E
8038,T
8039,O
8040,T
8041,o
8042,I
8043,A
8044,R
8045,N
8046,M
8047,O
8048,s
8049,n
8050,C
8051,A
8052,3
8053,R
8054,H
8055,I
8056,N
8057,I
8058,I
8059,E
8060,A
8061,S
8062,R
8063,S
8064,R
8065,E
8066,O
8067,a
8068,I
8069,N
8070,N
8071,E
8072,I
8073,S
8074,N
8075,S
8076,O
8077,T
8078,R
8079,M
8080,R
8081,E
8082,S
8083,E
8084,N
8085,d
8086,S
8087,N
8088,T
8089,C
8090,R
8091,E
8092,T
8093,E
8094,E
8095,O
8096,r
8097,T
8098,I
8099,A
8100,S
8101,i
8102,I
8103,H
8104,I
8105,A
8106,R
8107,0
8108,E
8109,T
8110,A
8111,D
8112,i
8113,T
8114,E
8115,O
8116,L
8117,A
8118,N
8119,L
8120,A
8121,R
8122,G
8123,n
8124,I
8125,O
8126,0
8127,E
8128,I
8129,i
8130,L
8131,A
8132,I
8133,N
8134,A
8135,R
8136,C
8137,R
8138,E
8139,E
8140,O
8141,I
8142,O
8143,O
8144,T
8145,A
8146,N
8147,T
8148,O
8149,S
8150,C
8151,e
8152,P
8153,A
8154,e
8155,O
8156,r
8157,R
8158,I
8159,A
8160,i
8161,R
8162,S
8163,H
8164,S
8165,R
8166,R
8167,O
8168,G
8169,G
8170,O
8171,E
8172,I
8173,A
8174,S
8175,R
8176,T
8177,R
8178,N
8179,C
8180,T
8181,I
8182,O
8183,O
8184,E
8185,A
8186,A
8187,L
8188,A
8189,H
8190,e
8191,S
8192,i
8193,S
8194,R
8195,M
8196,E
8197,A
8198,S
8199,C
8200,A
8201,R
8202,I
8203,I
8204,e
8205,A
8206,N
8207,D
8208,e
8209,L
8210,E
8211,S
8212,a
8213,A
8214,T
8215,A
8216,N
8217,C
8218,R
8219,A
8220,K
8221,I
8222,A
8223,M
8224,I
8225,N
8226,N
8227,A
8228,E
8229,E
8230,s
8231,O
8232,T
8233,N
8234,E
8235,A
8236,I
8237,R
8238,A
8239,R
8240,a
8241,O
8242,D
8243,I
8244,e
8245,G
8246,I
8247,I
8248,D
8249,T
8250,A
8251,C
8252,M
8253,o
8254,O
8255,S
8256,Y
8257,E
8258,E
8259,N
8260,a
8261,R
8262,O
8263,T
8264,A
8265,O
8266,S
8267,0
8268,N
8269,O
8270,A
8271,E
8272,U
8273,t
8274,o
8275,C
8276,R
8277,R
8278,A
8279,e
8280,L
8281,O
8282,R
8283,A
8284,A
8285,L
8286,S
8287,T
8288,E
8289,O
8290,E
8291,i
8292,P
8293,D
8294,O
8295,T
8296,r
8297,N
8298,O
8299,C
8300,E
8301,O
8302,I
8303,O
8304,N
8305,O
8306,N
8307,I
8308,A
8309,N
8310,C
8311,N
8312,O
8313,I
8314,7
8315,A
8316,E
8317,L
8318,E
8319,D
8320,A
8321,H
8322,r
8323,P
8324,E
8325,N
8326,T
8327,i
8328,L
8329,T
8330,A
8331,A
8332,I
8333,K
8334,a
8335,O
8336,O
8337,A
8338,O
8339,C
8340,A
8341,E
8342,A
8343,A
8344,C
8345,N
8346,S
8347,M
8348,O
8349,e
8350,I
8351,R
8352,A
8353,T
8354,A
8355,V
8356,I
8357,O
8358,O
8359,I
8360,r
8361,I
8362,P
8363,e
8364,O
8365,O
8366,I
8367,O
8368,R
8369,S
8370,E
8371,A
8372,i
8373,A
8374,N
8375,P
8376,L
8377,H
8378,A
8379,N
8380,N
8381,n
8382,R
8383,N
8384,S
8385,a
8386,S
8387,R
8388,E
8389,S
8390,N
8391,T
8392,D
8393,e
8394,N
8395,S
8396,P
8397,R
8398,R
8399,I
8400,A
8401,L
8402,A
8403,I
8404,E
8405,S
8406,N
8407,S
8408,E
8409,E
8410,N
8411,E
8412,S
8413,A
8414,T
8415,D
8416,T
8417,S
8418,I
8419,R
8420,R
8421,N
8422,M
8423,N
8424,N
8425,O
8426,A
8427,E
8428,E
8429,D
8430,O
8431,T
8432,A
8433,H
8434,E
8435,O
8436,A
8437,N
8438,O
8439,A
8440,O
8441,A
8442,H
8443,R
8444,S
8445,t
8446,z
8447,R
8448,I
8449,I
8450,D
8451,n
8452,U
8453,R
8454,I
8455,I
8456,O
8457,H
8458,R
8459,t
8460,E
8461,E
8462,O
8463,E
8464,L
8465,e
8466,O
8467,N
8468,L
8469,P
8470,C
8471,r
8472,C
8473,S
8474,R
8475,R
8476,R
8477,E
8478,T
8479,C
8480,E
8481,O
8482,P
8483,R
8484,C
8485,A
8486,E
8487,I
8488,S
8489,e
8490,A
8491,E
8492,O
8493,R
8494,E
8495,L
8496,S
8497,n
8498,E
8499,Y
8500,e
8501,A
8502,A
8503,e
8504,N
8505,E
8506,T
8507,a
8508,M
8509,I
8510,N
8511,A
8512,N
8513,6
8514,E
8515,O
8516,E
8517,I
8518,O
8519,O
8520,E
8521,A
8522,T
8523,R
8524,L
8525,N
8526,s
8527,A
8528,D
8529,I
8530,E
8531,P
8532,e
8533,e
8534,A
8535,O
8536,R
8537,2
8538,A
8539,Z
8540,E
8541,n
8542,o
8543,i
8544,M
8545,E
8546,Y
8547,L
8548,E
8549,E
8550,S
8551,A
8552,O
8553,O
8554,S
8555,E
8556,S
8557,O
8558,R
8559,C
8560,I
8561,Y
8562,O
8563,S
8564,N
8565,A
8566,i
8567,I
8568,A
8569,I
8570,I
8571,E
8572,I
8573,S
8574,O
8575,A
8576,0
8577,R
8578,R
8579,A
8580,I
8581,A
8582,a
8583,O
8584,H
8585,T
8586,N
8587,6
8588,I
8589,a
8590,5
8591,I
8592,R
8593,I
8594,E
8595,r
8596,M
8597,I
8598,T
8599,I
8600,N
8601,L
8602,A
8603,J
8604,T
8605,E
8606,A
8607,o
8608,E
8609,l
8610,A
8611,C
8612,I
8613,A
8614,S
8615,T
8616,A
8617,R
8618,e
8619,A
8620,O
8621,R
8622,e
8623,I
8624,R
8625,E
8626,H
8627,E
8628,N
8629,A
8630,E
8631,H
8632,O
8633,S
8634,N
8635,A
8636,I
8637,C
8638,T
8639,S
8640,v
8641,S
8642,T
8643,A
8644,M
8645,O
8646,0
8647,e
8648,O
8649,T
8650,I
8651,a
8652,E
8653,e
8654,B
8655,S
8656,N
8657,I
8658,B
8659,W
8660,S
8661,O
8662,1
8663,I
8664,T
8665,A
8666,N
8667,E
8668,D
8669,D
8670,s
8671,N
8672,R
8673,E
8674,O
8675,T
8676,A
8677,S
8678,T
8679,S
8680,r
8681,I
8682,A
8683,E
8684,O
8685,C
8686,R
8687,O
8688,A
8689,S
8690,A
8691,S
8692,T
8693,0
8694,I
8695,N
8696,R
8697,O
8698,T
8699,R
8700,D
8701,E
8702,R
8703,L
8704,T
8705,7
8706,s
8707,T
8708,t
8709,E
8710,N
8711,A
8712,E
8713,H
8714,R
8715,I
8716,S
8717,L
8718,N
8719,R
8720,O
8721,R
8722,A
8723,N
8724,i
8725,I
8726,R
8727,A
8728,N
8729,S
8730,R
8731,D
8732,A
8733,0
8734,R
8735,E
8736,E
8737,A
8738,A
8739,L
8740,N
8741,T
8742,I
8743,r
8744,V
8745,T
8746,R
8747,R
8748,A
8749,D
8750,E
8751,E
8752,P
8753,A
8754,a
8755,a
8756,T
8757,I
8758,R
8759,P
8760,R
8761,O
8762,A
8763,N
8764,D
8765,I
8766,O
8767,e
8768,L
8769,E
8770,E
8771,E
8772,H
8773,S
8774,e
8775,T
8776,A
8777,A
8778,R
8779,O
8780,O
8781,C
8782,e
8783,T
8784,C
8785,A
8786,L
8787,o
8788,C
8789,e
8790,T
8791,C
8792,O
8793,N
8794,0
8795,A
8796,O
8797,T
8798,N
8799,E
8800,o
8801,Z
8802,O
8803,I
8804,a
8805,R
8806,S
8807,I
8808,M
8809,U
8810,E
8811,R
8812,n
8813,A
8814,O
8815,3
8816,O
8817,O
8818,0
8819,e
8820,L
8821,w
8822,A
8823,E
8824,T
8825,C
8826,O
8827,A
8828,A
8829,E
8830,R
8831,I
8832,O
8833,I
8834,8
8835,N
8836,L
8837,P
8838,A
8839,O
8840,e
8841,I
8842,A
8843,N
8844,N
8845,P
8846,A
8847,E
8848,I
8849,A
8850,S
8851,I
8852,O
8853,R
8854,O
8855,R
8856,A
8857,A
8858,R
8859,R
8860,o
8861,D
8862,O
8863,P
8864,N
8865,e
8866,N
8867,O
8868,L
8869,S
8870,L
8871,O
8872,A
8873,A
8874,L
8875,E
8876,F
8877,I
8878,O
8879,i
8880,T
8881,E
8882,G
8883,E
8884,A
8885,D
8886,Y
8887,S
8888,P
8889,N
8890,A
8891,R
8892,O
8893,C
8894,n
8895,A
8896,A
8897,T
8898,A
8899,A
8900,e
8901,e
8902,C
8903,R
8904,O
8905,0
8906,A
8907,U
8908,O
8909,I
8910,I
8911,R
8912,E
8913,E
8914,A
8915,R
8916,E
8917,e
8918,A
8919,T
8920,O
8921,C
8922,N
8923,T
8924,i
8925,S
8926,O
8927,T
8928,L
8929,2
8930,R
8931,M
8932,R
8933,L
8934,r
8935,R
8936,C
8937,A
8938,O
8939,N
8940,D
8941,S
8942,S
8943,e
8944,N
8945,I
8946,R
8947,L
8948,I
8949,H
8950,r
8951,A
8952,C
8953,r
8954,e
8955,I
8956,E
8957,N
8958,r
8959,C
8960,P
8961,r
8962,M
8963,a
8964,T
8965,A
8966,T
8967,S
8968,r
8969,I
8970,e
8971,O
8972,O
8973,A
8974,I
8975,A
8976,R
8977,O
8978,l
8979,n
8980,O
8981,3
8982,W
8983,U
8984,S
8985,E
8986,S
8987,E
8988,N
8989,o
8990,R
8991,A
8992,2
8993,i
8994,R
8995,A
8996,n
8997,O
8998,A
8999,A
9000,e
9001,N
9002,A
9003,O
9004,V
9005,A
9006,H
9007,O
9008,A
9009,O
9010,A
9011,O
9012,P
9013,n
9014,o
9015,t
9016,R
9017,L
9018,E
9019,P
9020,T
9021,T
9022,R
9023,A
9024,M
9025,I
9026,N
9027,D
9028,R
9029,L
9030,D
9031,A
9032,A
9033,I
9034,H
9035,a
9036,O
9037,R
9038,C
9039,N
9040,N
9041,E
9042,E
9043,L
9044,I
9045,J
9046,I
9047,N
9048,E
9049,T
9050,E
9051,R
9052,A
9053,i
9054,A
9055,A
9056,U
9057,O
9058,I
9059,S
9060,S
9061,I
9062,A
9063,r
9064,m
9065,C
9066,A
9067,T
9068,C
9069,O
9070,E
9071,T
9072,R
9073,O
9074,A
9075,i
9076,a
9077,V
9078,C
9079,A
9080,R
9081,J
9082,o
9083,E
9084,a
9085,E
9086,N
9087,D
9088,T
9089,R
9090,A
9091,R
9092,T
9093,S
9094,E
9095,E
9096,O
9097,A
9098,A
9099,S
9100,P
9101,A
9102,I
9103,R
9104,S
9105,R
9106,K
9107,A
9108,P
9109,o
9110,I
9111,l
9112,M
9113,h
9114,C
9115,I
9116,N
9117,E
9118,M
9119,A
9120,O
9121,I
9122,T
9123,E
9124,R
9125,G
9126,2
9127,R
9128,a
9129,T
9130,D
9131,a
9132,T
9133,A
9134,E
9135,m
9136,T
9137,R
9138,E
9139,E
9140,E
9141,a
9142,E
9143,A
9144,a
9145,O
9146,O
9147,T
9148,R
9149,I
9150,T
9151,A
9152,0
9153,C
9154,O
9155,A
9156,T
9157,D
9158,f
9159,C
9160,7
9161,R
9162,S
9163,R
9164,A
9165,R
9166,E
9167,e
9168,Z
9169,a
9170,A
9171,O
9172,T
9173,M
9174,A
9175,e
9176,A
9177,l
9178,I
9179,D
9180,o
9181,T
9182,M
9183,R
9184,W
9185,a
9186,N
9187,A
9188,N
9189,2
9190,I
9191,I
9192,N
9193,E
9194,R
9195,A
9196,E
9197,E
9198,R
9199,R
9200,O
9201,R
9202,A
9203,N
9204,P
9205,S
9206,T
9207,O
9208,I
9209,C
9210,A
9211,N
9212,V
9213,R
9214,P
9215,S
9216,e
9217,0
9218,E
9219,T
9220,T
9221,S
9222,E
9223,h
9224,E
9225,A
9226,r
9227,L
9228,e
9229,A
9230,S
9231,r
9232,L
9233,N
9234,E
9235,E
9236,A
9237,A
9238,L
9239,R
9240,R
9241,R
9242,A
9243,O
9244,A
9245,s
9246,A
9247,A
9248,R
9249,A
9250,a
9251,R
9252,I
9253,I
9254,M
9255,O
9256,E
9257,e
9258,A
9259,R
9260,L
9261,N
9262,Y
9263,G
9264,T
9265,A
9266,O
9267,I
9268,O
9269,I
9270,c
9271,A
9272,e
9273,T
9274,N
9275,N
9276,3
9277,E
9278,E
9279,E
9280,C
9281,I
9282,E
9283,e
9284,A
9285,e
9286,n
9287,A
9288,R
9289,A
9290,O
9291,S
9292,N
9293,A
9294,T
9295,E
9296,h
9297,C
9298,E
9299,T
9300,T
9301,A
9302,R
9303,C
9304,A
9305,N
9306,A
9307,D
9308,3
9309,O
9310,i
9311,I
9312,R
9313,E
9314,A
9315,I
9316,A
9317,E
9318,A
9319,E
9320,A
9321,R
9322,N
9323,E
9324,S
9325,S
9326,H
9327,S
9328,O
9329,U
9330,D
9331,e
9332,L
9333,N
9334,M
9335,N
9336,I
9337,F
9338,I
9339,e
9340,N
9341,O
9342,R
9343,H
9344,E
9345,N
9346,A
9347,O
9348,A
9349,e
9350,T
9351,I
9352,O
9353,E
9354,A
9355,E
9356,A
9357,V
9358,O
9359,N
9360,R
9361,A
9362,O
9363,I
9364,a
9365,R
9366,a
9367,A
9368,T
9369,a
9370,a
9371,H
9372,O
9373,L
9374,D
9375,Y
9376,C
9377,E
9378,S
9379,N
9380,I
9381,E
9382,S
9383,o
9384,S
9385,O
9386,2
9387,S
9388,P
9389,N
9390,m
9391,E
9392,E
9393,E
9394,N
9395,L
9396,C
9397,E
9398,E
9399,e
9400,N
9401,P
9402,e
9403,S
9404,e
9405,O
9406,D
9407,O
9408,S
9409,L
9410,E
9411,A
9412,E
9413,I
9414,s
9415,N
9416,A
9417,B
9418,O
9419,R
9420,S
9421,E
9422,A
9423,h
9424,C
9425,N
9426,E
9427,i
9428,t
9429,E
9430,T
9431,r
9432,a
9433,O
9434,R
9435,E
9436,L
9437,e
9438,n
9439,e
9440,E
9441,s
9442,N
9443,R
9444,L
9445,I
9446,2
9447,R
9448,R
9449,E
9450,A
9451,e
9452,n
9453,A
9454,e
9455,N
9456,O
9457,A
9458,O
9459,D
9460,A
9461,i
9462,N
9463,I
9464,R
9465,A
9466,A
9467,E
9468,A
9469,e
9470,I
9471,a
9472,R
9473,A
9474,I
9475,N
9476,O
9477,e
9478,A
9479,H
9480,P
9481,5
9482,I
9483,P
9484,I
9485,A
9486,H
9487,N
9488,S
9489,A
9490,I
9491,h
9492,E
9493,N
9494,T
9495,s
9496,S
9497,E
9498,E
9499,R
9500,E
9501,N
9502,C
9503,C
9504,C
9505,A
9506,7
9507,A
9508,h
9509,I
9510,0
9511,n
9512,a
9513,T
9514,A
9515,3
9516,N
9517,G
9518,T
9519,E
9520,O
9521,D
9522,E
9523,i
9524,A
9525,N
9526,E
9527,N
9528,R
9529,I
9530,E
9531,L
9532,N
9533,I
9534,I
9535,E
9536,D
9537,I
9538,T
9539,e
9540,I
9541,I
9542,T
9543,o
9544,a
9545,C
9546,E
9547,D
9548,n
9549,A
9550,e
9551,R
9552,a
9553,I
9554,R
9555,s
9556,E
9557,O
9558,S
9559,e
9560,3
9561,e
9562,P
9563,R
9564,A
9565,R
9566,A
9567,T
9568,R
9569,A
9570,V
9571,e
9572,C
9573,I
9574,N
9575,I
9576,T
9577,I
9578,S
9579,N
9580,I
9581,T
9582,J
9583,A
9584,R
9585,A
9586,L
9587,O
9588,O
9589,O
9590,t
9591,H
9592,N
9593,A
9594,O
9595,O
9596,A
9597,T
9598,t
9599,N
9600,A
9601,r
9602,E
9603,e
9604,O
9605,2
9606,1
9607,A
9608,C
9609,e
9610,H
9611,T
9612,R
9613,a
9614,L
9615,A
9616,n
9617,O
9618,R
9619,s
9620,O
9621,A
9622,O
9623,O
9624,A
9625,I
9626,e
9627,I
9628,C
9629,A
9630,N
9631,I
9632,p
9633,e
9634,r
9635,A
9636,R
9637,R
9638,A
9639,A
9640,e
9641,T
9642,I
9643,O
9644,O
9645,O
9646,O
9647,E
9648,E
9649,n
9650,A
9651,T
9652,e
9653,I
9654,R
9655,E
9656,I
9657,T
9658,s
9659,R
9660,C
9661,T
9662,R
9663,E
9664,A
9665,T
9666,T
9667,A
9668,X
9669,i
9670,M
9671,e
9672,H
9673,A
9674,T
9675,t
9676,E
9677,X
9678,E
9679,A
9680,T
9681,S
9682,R
9683,P
9684,O
9685,A
9686,E
9687,S
9688,A
9689,O
9690,t
9691,L
9692,e
9693,G
9694,I
9695,O
9696,A
9697,S
9698,N
9699,1
9700,I
9701,t
9702,A
9703,r
9704,L
9705,I
9706,E
9707,T
9708,e
9709,N
9710,C
9711,I
9712,O
9713,T
9714,E
9715,I
9716,e
9717,I
9718,E
9719,A
9720,A
9721,E
9722,O
9723,N
9724,A
9725,T
9726,T
9727,O
9728,A
9729,e
9730,C
9731,A
9732,0
9733,E
9734,H
9735,R
9736,A
9737,O
9738,E
9739,T
9740,h
9741,A
9742,R
9743,D
9744,l
9745,N
9746,T
9747,s
9748,S
9749,I
9750,A
9751,S
9752,e
9753,A
9754,N
9755,A
9756,N
9757,I
9758,D
9759,S
9760,S
9761,I
9762,H
9763,R
9764,R
9765,T
9766,R
9767,I
9768,N
9769,I
9770,I
9771,r
9772,S
9773,t
9774,e
9775,A
9776,E
9777,E
9778,7
9779,t
9780,T
9781,D
9782,A
9783,O
9784,A
9785,L
9786,A
9787,a
9788,a
9789,1
9790,H
9791,N
9792,O
9793,T
9794,E
9795,N
9796,I
9797,r
9798,R
9799,I
9800,L
9801,R
9802,R
9803,8
9804,I
9805,H
9806,A
9807,L
9808,C
9809,A
9810,R
9811,T
9812,R
9813,L
9814,T
9815,S
9816,r
9817,A
9818,T
9819,I
9820,M
9821,R
9822,N
9823,A
9824,A
9825,N
9826,S
9827,A
9828,s
9829,R
9830,C
9831,N
9832,T
9833,A
9834,U
9835,l
9836,O
9837,I
9838,N
9839,0
9840,I
9841,N
9842,R
9843,I
9844,I
9845,N
9846,A
9847,O
9848,R
9849,A
9850,C
9851,O
9852,E
9853,M
9854,B
9855,H
9856,O
9857,N
9858,A
9859,I
9860,i
9861,S
9862,E
9863,E
9864,d
9865,e
9866,R
9867,C
9868,S
9869,A
9870,I
9871,E
9872,m
9873,T
9874,I
9875,J
9876,Y
9877,O
9878,M
9879,T
9880,E
9881,R
9882,A
9883,A
9884,S
9885,e
9886,7
9887,U
9888,O
9889,E
9890,A
9891,A
9892,G
9893,O
9894,H
9895,O
9896,i
9897,I
9898,O
9899,O
9900,A
9901,A
9902,E
9903,N
9904,A
9905,A
9906,T
9907,I
9908,S
9909,W
9910,A
9911,A
9912,A
9913,A
9914,E
9915,R
9916,R
9917,A
9918,C
9919,E
9920,T
9921,S
9922,R
9923,T
9924,n
9925,E
9926,E
9927,X
9928,R
9929,O
9930,P
9931,I
9932,S
9933,O
9934,C
9935,A
9936,A
9937,R
9938,C
9939,O
9940,I
9941,F
9942,I
9943,E
9944,E
9945,N
9946,r
9947,I
9948,C
9949,I
9950,V
9951,E
9952,S
9953,I
9954,I
9955,E
9956,L
9957,I
9958,T
9959,e
9960,r
9961,r
9962,A
9963,s
9964,E
9965,I
9966,A
9967,I
9968,T
9969,R
9970,O
9971,e
9972,N
9973,O
9974,A
9975,L
9976,N
9977,l
9978,T
9979,N
9980,T
9981,L
9982,S
9983,R
9984,S
9985,E
9986,A
9987,T
9988,R
9989,A
9990,I
9991,S
9992,T
9993,A
9994,M
9995,A
9996,U
9997,S
9998,T
9999,n
10000,T
10001,E
10002,E
10003,T
10004,O
10005,T
10006,R
10007,S
10008,r
10009,A
10010,n
10011,I
10012,e
10013,R
10014,L
10015,6
10016,S
10017,2
10018,I
10019,0
10020,K
10021,R
10022,s
10023,D
10024,A
10025,o
10026,O
10027,O
10028,L
10029,n
10030,L
10031,O
10032,e
10033,n
10034,A
10035,N
10036,A
10037,C
10038,C
10039,R
10040,T
10041,U
10042,M
10043,A
10044,I
10045,O
10046,R
10047,A
10048,N
10049,n
10050,N
10051,E
10052,N
10053,E
10054,R
10055,E
10056,O
10057,I
10058,T
10059,R
10060,L
10061,P
10062,E
10063,N
10064,D
10065,E
10066,I
10067,R
10068,O
10069,O
10070,S
10071,n
10072,O
10073,T
10074,S
10075,L
10076,A
10077,e
10078,p
10079,A
10080,n
10081,E
10082,E
10083,C
10084,o
10085,C
10086,N
10087,L
10088,N
10089,S
10090,T
10091,S
10092,E
10093,O
10094,A
10095,T
10096,R
10097,O
10098,A
10099,A
10100,D
10101,E
10102,o
10103,S
10104,R
10105,O
10106,R
10107,O
10108,A
10109,T
10110,N
10111,a
10112,N
10113,i
10114,E
10115,A
10116,N
10117,e
10118,A
10119,6
10120,T
10121,A
10122,O
10123,E
10124,C
10125,N
10126,O
10127,S
10128,P
10129,0
10130,R
10131,L
10132,a
10133,E
10134,T
10135,A
10136,T
10137,M
10138,O
10139,A
10140,A
10141,L
10142,R
10143,E
10144,l
10145,I
10146,D
10147,A
10148,L
10149,r
10150,S
10151,H
10152,A
10153,S
10154,I
10155,E
10156,A
10157,N
10158,1
10159,I
10160,N
10161,D
10162,H
10163,O
10164,D
10165,N
10166,O
10167,O
10168,R
10169,E
10170,S
10171,R
10172,E
10173,R
10174,i
10175,T
10176,O
10177,T
10178,P
10179,7
10180,r
10181,O
10182,R
10183,e
10184,S
10185,O
10186,e
10187,O
10188,M
10189,T
10190,a
10191,E
10192,L
10193,e
10194,T
10195,A
10196,S
10197,T
10198,E
10199,E
10200,L
10201,S
10202,R
10203,N
10204,E
10205,l
10206,A
10207,E
10208,E
10209,T
10210,A
10211,L
10212,i
10213,C
10214,P
10215,E
10216,H
10217,C
10218,B
10219,M
10220,R
10221,C
10222,O
10223,S
10224,A
10225,O
10226,P
10227,V
10228,A
10229,A
10230,D
10231,r
10232,R
10233,L
10234,n
10235,S
10236,T
10237,T
10238,t
10239,A
10240,I
10241,E
10242,D
10243,V
10244,D
10245,5
10246,P
10247,E
10248,e
10249,A
10250,E
10251,T
10252,C
10253,M
10254,e
10255,L
10256,O
10257,S
10258,E
10259,r
10260,A
10261,A
10262,E
10263,E
10264,E
10265,e
10266,O
10267,S
10268,D
10269,O
10270,M
10271,N
10272,A
10273,P
10274,R
10275,T
10276,n
10277,R
10278,A
10279,A
10280,R
10281,O
10282,I
10283,A
10284,A
10285,a
10286,O
10287,S
10288,t
10289,O
10290,O
10291,E
10292,R
10293,E
10294,R
10295,T
10296,a
10297,O
10298,E
10299,A
10300,N
10301,L
10302,3
10303,T
10304,D
10305,5
10306,E
10307,V
10308,F
10309,e
10310,N
10311,N
10312,I
10313,O
10314,G
10315,A
10316,t
10317,N
10318,E
10319,C
10320,r
10321,T
10322,T
10323,r
10324,A
10325,R
10326,O
10327,I
10328,N
10329,D
10330,N
10331,O
10332,R
10333,T
10334,9
10335,T
10336,I
10337,R
10338,6
10339,T
10340,R
10341,I
10342,a
10343,A
10344,S
10345,E
10346,o
10347,R
10348,O
10349,A
10350,n
10351,A
10352,A
10353,O
10354,I
10355,a
10356,A
10357,S
10358,H
10359,C
10360,A
10361,P
10362,I
10363,I
10364,S
10365,R
10366,T
10367,I
10368,A
10369,T
10370,I
10371,A
10372,T
10373,O
10374,R
10375,E
10376,T
10377,B
10378,I
10379,e
10380,T
10381,e
10382,S
10383,T
10384,P
10385,I
10386,I
10387,S
10388,A
10389,S
10390,S
10391,S
10392,I
10393,S
10394,A
10395,N
10396,E
10397,I
10398,o
10399,z
10400,P
10401,O
10402,O
10403,R
10404,e
10405,T
10406,N
10407,A
10408,T
10409,H
10410,O
10411,i
10412,S
10413,I
10414,E
10415,I
10416,N
10417,I
10418,3
10419,O
10420,t
10421,T
10422,R
10423,O
10424,A
10425,M
10426,N
10427,E
10428,A
10429,R
10430,M
10431,C
10432,A
10433,R
10434,a
10435,V
10436,T
10437,A
10438,O
10439,I
10440,C
10441,P
10442,I
10443,0
10444,L
10445,A
10446,I
10447,n
10448,E
10449,t
10450,A
10451,O
10452,R
10453,I
10454,A
10455,C
10456,E
10457,R
10458,R
10459,O
10460,R
10461,L
10462,1
10463,A
10464,A
10465,y
10466,I
10467,O
10468,T
10469,O
10470,0
10471,o
10472,O
10473,R
10474,e
10475,O
10476,e
10477,A
10478,O
10479,I
10480,A
10481,D
10482,N
10483,I
10484,O
10485,T
10486,E
10487,H
10488,E
10489,E
10490,A
10491,A
10492,S
10493,O
10494,O
10495,I
10496,R
10497,E
10498,A
10499,T
10500,V
10501,U
10502,r
10503,U
10504,R
10505,S
10506,T
10507,R
10508,A
10509,e
10510,R
10511,R
10512,J
10513,P
10514,0
10515,V
10516,U
10517,i
10518,e
10519,A
10520,N
10521,M
10522,S
10523,U
10524,R
10525,T
10526,H
10527,o
10528,R
10529,l
10530,8
10531,R
10532,L
10533,r
10534,e
10535,0
10536,I
10537,A
10538,t
10539,A
10540,D
10541,E
10542,S
10543,T
10544,A
10545,e
10546,O
10547,S
10548,N
10549,A
10550,N
10551,L
10552,E
10553,0
10554,N
10555,I
10556,a
10557,A
10558,T
10559,L
10560,R
10561,I
10562,D
10563,V
10564,b
10565,E
10566,e
10567,v
10568,R
10569,A
10570,E
10571,A
10572,A
10573,r
10574,A
10575,A
10576,t
10577,A
10578,E
10579,O
10580,T
10581,O
10582,S
10583,A
10584,R
10585,A
10586,E
10587,O
10588,T
10589,n
10590,S
10591,I
10592,o
10593,N
10594,O
10595,A
10596,R
10597,P
10598,a
10599,a
10600,S
10601,A
10602,A
10603,V
10604,I
10605,t
10606,I
10607,S
10608,L
10609,S
10610,T
10611,E
10612,O
10613,a
10614,T
10615,A
10616,E
10617,S
10618,O
10619,O
10620,T
10621,r
10622,L
10623,B
10624,S
10625,i
10626,S
10627,E
10628,A
10629,N
10630,N
10631,O
10632,A
10633,r
10634,C
10635,r
10636,I
10637,e
10638,s
10639,S
10640,I
10641,a
10642,H
10643,I
10644,S
10645,I
10646,e
10647,S
10648,r
10649,O
10650,L
10651,N
10652,A
10653,i
10654,O
10655,C
10656,A
10657,E
10658,N
10659,r
10660,R
10661,i
10662,R
10663,A
10664,S
10665,W
10666,C
10667,H
10668,E
10669,A
10670,I
10671,L
10672,I
10673,M
10674,A
10675,s
10676,A
10677,D
10678,I
10679,S
10680,K
10681,m
10682,R
10683,0
10684,1
10685,R
10686,R
10687,e
10688,A
10689,P
10690,O
10691,O
10692,I
10693,L
10694,A
10695,I
10696,N
10697,L
10698,e
10699,B
10700,E
10701,I
10702,A
10703,R
10704,N
10705,T
10706,I
10707,S
10708,m
10709,S
10710,e
10711,A
10712,E
10713,I
10714,I
10715,R
10716,a
10717,R
10718,K
10719,N
10720,J
10721,o
10722,B
10723,T
10724,I
10725,T
10726,N
10727,T
10728,A
10729,L
10730,C
10731,T
10732,R
10733,e
10734,N
10735,C
10736,A
10737,O
10738,O
10739,O
10740,S
10741,r
10742,T
10743,A
10744,D
10745,T
10746,A
10747,T
10748,E
10749,C
10750,G
10751,A
10752,E
10753,r
10754,I
10755,R
10756,R
10757,A
10758,R
10759,T
10760,I
10761,s
10762,A
10763,A
10764,H
10765,C
10766,G
10767,N
10768,R
10769,I
10770,A
10771,A
10772,T
10773,I
10774,R
10775,s
10776,T
10777,I
10778,N
10779,N
10780,E
10781,N
10782,I
10783,R
10784,e
10785,A
10786,R
10787,A
10788,B
10789,r
10790,N
10791,E
10792,m
10793,E
10794,T
10795,I
10796,M
10797,R
10798,M
10799,E
10800,A
10801,O
10802,T
10803,E
10804,t
10805,k
10806,O
10807,S
10808,A
10809,T
10810,M
10811,l
10812,6
10813,E
10814,L
10815,A
10816,E
10817,G
10818,O
10819,I
10820,r
10821,R
10822,R
10823,R
10824,O
10825,A
10826,O
10827,L
10828,E
10829,k
10830,T
10831,O
10832,T
10833,S
10834,N
10835,s
10836,r
10837,A
10838,m
10839,C
10840,n
10841,H
10842,V
10843,T
10844,a
10845,A
10846,I
10847,M
10848,I
10849,A
10850,C
10851,E
10852,R
10853,A
10854,N
10855,S
10856,D
10857,O
10858,R
10859,N
10860,E
10861,A
10862,R
10863,T
10864,O
10865,A
10866,E
10867,B
10868,7
10869,A
10870,I
10871,I
10872,D
10873,o
10874,a
10875,E
10876,S
10877,t
10878,D
10879,n
10880,A
10881,N
10882,N
10883,R
10884,E
10885,5
10886,r
10887,R
10888,P
10889,R
10890,R
10891,T
10892,I
10893,S
10894,N
10895,2
10896,E
10897,C
10898,A
10899,C
10900,T
10901,R
10902,E
10903,I
10904,n
10905,O
10906,N
10907,R
10908,E
10909,r
10910,A
10911,I
10912,I
10913,R
10914,N
10915,T
10916,r
10917,M
10918,I
10919,A
10920,E
10921,K
10922,I
10923,A
10924,I
10925,I
10926,N
10927,L
10928,O
10929,I
10930,A
10931,O
10932,9
10933,S
10934,L
10935,H
10936,A
10937,E
10938,f
10939,T
10940,S
10941,O
10942,H
10943,N
10944,E
10945,O
10946,r
10947,r
10948,A
10949,e
10950,C
10951,E
10952,A
10953,T
10954,A
10955,T
10956,E
10957,A
10958,6
10959,O
10960,O
10961,A
10962,A
10963,S
10964,R
10965,T
10966,e
10967,O
10968,A
10969,N
10970,A
10971,C
10972,A
10973,U
10974,E
10975,N
10976,n
10977,A
10978,O
10979,R
10980,I
10981,t
10982,S
10983,O
10984,I
10985,a
10986,a
10987,H
10988,M
10989,2
10990,E
10991,T
10992,R
10993,E
10994,S
10995,O
10996,n
10997,R
10998,O
10999,S
11000,A
11001,A
11002,A
11003,C
11004,C
11005,S
11006,A
11007,O
11008,I
11009,O
11010,N
11011,I
11012,R
11013,A
11014,K
11015,N
11016,S
11017,N
11018,O
11019,A
11020,S
11021,E
11022,r
11023,T
11024,a
11025,T
11026,S
11027,M
11028,O
11029,o
11030,E
11031,e
11032,T
11033,S
11034,C
11035,E
11036,E
11037,C
11038,I
11039,l
11040,R
11041,A
11042,A
11043,R
11044,R
11045,m
11046,O
11047,E
11048,A
11049,N
11050,O
11051,C
11052,I
11053,O
11054,P
11055,t
11056,G
11057,A
11058,R
11059,A
11060,A
11061,r
11062,T
11063,R
11064,V
11065,O
11066,O
11067,O
11068,A
11069,S
11070,L
11071,o
11072,K
11073,I
11074,E
11075,N
11076,A
11077,E
11078,4
11079,O
11080,A
11081,L
11082,L
11083,N
11084,i
11085,n
11086,t
11087,A
11088,C
11089,a
11090,A
11091,T
11092,E
11093,N
11094,A
11095,R
11096,P
11097,O
11098,I
11099,i
11100,y
11101,n
11102,A
11103,O
11104,C
11105,N
11106,e
11107,L
11108,T
11109,e
11110,E
11111,I
11112,E
11113,R
11114,N
11115,N
11116,h
11117,G
11118,S
11119,D
11120,3
11121,R
11122,A
11123,A
11124,E
11125,I
11126,R
11127,r
11128,O
11129,D
11130,S
11131,O
11132,L
11133,T
11134,T
11135,N
11136,R
11137,O
11138,i
11139,A
11140,E
11141,O
11142,t
11143,G
11144,I
11145,H
11146,S
11147,P
11148,R
11149,R
11150,O
11151,N
11152,I
11153,P
11154,E
11155,A
11156,M
11157,E
11158,A
11159,R
11160,C
11161,A
11162,F
11163,S
11164,O
11165,R
11166,A
11167,E
11168,O
11169,A
11170,O
11171,i
11172,N
11173,s
11174,I
11175,e
11176,R
11177,E
11178,i
11179,N
11180,T
11181,y
11182,R
11183,S
11184,D
11185,r
11186,O
11187,O
11188,O
11189,A
11190,L
11191,C
11192,T
11193,O
11194,N
11195,I
11196,R
11197,A
11198,e
11199,v
11200,G
11201,e
11202,R
11203,T
11204,N
11205,I
11206,a
11207,A
11208,N
11209,A
11210,S
11211,N
11212,I
11213,S
11214,E
11215,a
11216,E
11217,N
11218,E
11219,R
11220,A
11221,O
11222,A
11223,E
11224,a
11225,O
11226,M
11227,A
11228,O
11229,D
11230,R
11231,z
11232,R
11233,T
11234,R
11235,E
11236,R
11237,O
11238,C
11239,e
11240,I
11241,L
11242,R
11243,H
11244,I
11245,o
11246,n
11247,M
11248,O
11249,n
11250,R
11251,O
11252,S
11253,R
11254,I
11255,O
11256,P
11257,D
11258,T
11259,E
11260,O
11261,N
11262,D
11263,R
11264,P
11265,n
11266,E
11267,E
11268,R
11269,a
11270,A
11271,C
11272,C
11273,L
11274,E
11275,Y
11276,G
11277,D
11278,R
11279,n
11280,O
11281,L
11282,A
11283,R
11284,S
11285,E
11286,T
11287,S
11288,M
11289,r
11290,1
11291,R
11292,S
11293,D
11294,I
11295,A
11296,T
11297,L
11298,0
11299,A
11300,P
11301,D
11302,N
11303,R
11304,i
11305,I
11306,D
11307,A
11308,T
11309,E
11310,A
11311,E
11312,n
11313,I
11314,S
11315,0
11316,I
11317,U
11318,o
11319,M
11320,E
11321,R
11322,R
11323,I
11324,E
11325,M
11326,S
11327,T
11328,H
11329,O
11330,T
11331,S
11332,A
11333,E
11334,T
11335,O
11336,T
11337,E
11338,i
11339,O
11340,O
11341,v
11342,L
11343,I
11344,I
11345,A
11346,E
11347,O
11348,E
11349,O
11350,S
11351,O
11352,T
11353,C
11354,A
11355,y
11356,C
11357,E
11358,C
11359,O
11360,N
11361,T
11362,T
11363,A
11364,E
11365,i
11366,O
11367,A
11368,S
11369,R
11370,A
11371,o
11372,L
11373,I
11374,h
11375,a
11376,A
11377,2
11378,A
11379,E
11380,C
11381,A
11382,S
11383,e
11384,R
11385,6
11386,I
11387,e
11388,A
11389,R
11390,A
11391,L
11392,O
11393,O
11394,A
11395,N
11396,n
11397,O
11398,R
11399,O
11400,N
11401,T
11402,T
11403,L
11404,I
11405,D
11406,n
11407,I
11408,N
11409,H
11410,A
11411,C
11412,I
11413,C
11414,C
11415,T
11416,S
11417,r
11418,e
11419,O
11420,a
11421,O
11422,A
11423,A
11424,e
11425,I
11426,E
11427,I
11428,N
11429,7
11430,N
11431,R
11432,L
11433,h
11434,O
11435,S
11436,E
11437,E
11438,A
11439,p
11440,O
11441,R
11442,A
11443,A
11444,N
11445,A
11446,W
11447,E
11448,N
11449,n
11450,E
11451,T
11452,E
11453,E
11454,S
11455,P
11456,Y
11457,a
11458,E
11459,e
11460,A
11461,S
11462,I
11463,R
11464,I
11465,L
11466,I
11467,A
11468,A
11469,M
11470,T
11471,s
11472,E
11473,I
11474,1
11475,A
11476,S
11477,A
11478,R
11479,C
11480,G
11481,o
11482,I
11483,t
11484,S
11485,E
11486,A
11487,N
11488,R
11489,N
11490,a
11491,E
11492,S
11493,D
11494,E
11495,A
11496,C
11497,E
11498,3
11499,2
11500,O
11501,I
11502,E
11503,S
11504,A
11505,e
11506,E
11507,O
11508,i
11509,o
11510,a
11511,r
11512,I
11513,O
11514,E
11515,D
11516,O
11517,C
11518,N
11519,c
11520,T
11521,R
11522,M
11523,L
11524,O
11525,O
11526,i
11527,I
11528,O
11529,n
11530,S
11531,A
11532,D
11533,e
11534,A
11535,C
11536,T
11537,n
11538,e
11539,E
11540,U
11541,S
11542,A
11543,R
11544,O
11545,C
11546,e
11547,w
11548,I
11549,O
11550,O
11551,S
11552,i
11553,I
11554,t
11555,I
11556,A
11557,C
11558,R
11559,n
11560,A
11561,O
11562,I
11563,i
11564,A
11565,E
11566,A
11567,A
11568,S
11569,e
11570,C
11571,A
11572,U
11573,e
11574,T
11575,A
11576,O
11577,N
11578,L
11579,S
11580,O
11581,L
11582,n
11583,n
11584,L
11585,L
11586,S
11587,R
11588,O
11589,L
11590,E
11591,E
11592,O
11593,T
11594,D
11595,I
11596,R
11597,L
11598,T
11599,N
11600,T
11601,R
11602,A
11603,O
11604,A
11605,A
11606,D
11607,O
11608,n
11609,S
11610,E
11611,K
11612,E
11613,R
11614,4
11615,r
11616,n
11617,v
11618,A
11619,M
11620,A
11621,E
11622,T
11623,E
11624,R
11625,T
11626,I
11627,U
11628,O
11629,K
11630,T
11631,T
11632,A
11633,S
11634,A
11635,P
11636,A
11637,T
11638,E
11639,S
11640,C
11641,I
11642,T
11643,R
11644,E
11645,T
11646,N
11647,r
11648,A
11649,A
11650,I
11651,T
11652,D
11653,R
11654,O
11655,P
11656,5
11657,O
11658,n
11659,R
11660,e
11661,I
11662,L
11663,E
11664,A
11665,O
11666,S
11667,E
11668,W
11669,2
11670,I
11671,G
11672,V
11673,S
11674,N
11675,L
11676,r
11677,O
11678,A
11679,o
11680,S
11681,S
11682,S
11683,s
11684,e
11685,T
11686,T
11687,m
11688,E
11689,a
11690,C
11691,A
11692,N
11693,A
11694,R
11695,S
11696,6
11697,R
11698,e
11699,M
11700,1
11701,E
11702,T
11703,I
11704,A
11705,A
11706,B
11707,L
11708,I
11709,T
11710,e
11711,C
11712,h
11713,i
11714,g
11715,O
11716,N
11717,I
11718,S
11719,T
11720,A
11721,R
11722,n
11723,A
11724,E
11725,O
11726,N
11727,E
11728,H
11729,e
11730,E
11731,I
11732,S
11733,E
11734,C
11735,C
11736,S
11737,2
11738,I
11739,n
11740,e
11741,E
11742,e
11743,R
11744,E
11745,N
11746,a
11747,A
11748,A
11749,A
11750,H
11751,D
11752,e
11753,R
11754,E
11755,S
11756,A
11757,T
11758,I
11759,I
11760,S
11761,N
11762,N
11763,M
11764,J
11765,e
11766,O
11767,O
11768,I
11769,O
11770,H
11771,N
11772,O
11773,N
11774,O
11775,E
11776,I
11777,N
11778,G
11779,S
11780,R
11781,S
11782,A
11783,N
11784,A
11785,I
11786,E
11787,R
11788,O
11789,A
11790,a
11791,L
11792,L
11793,V
11794,A
11795,i
11796,R
11797,i
11798,E
11799,E
11800,E
11801,N
11802,S
11803,Y
11804,A
11805,I
11806,R
11807,T
11808,A
11809,K
11810,O
11811,T
11812,E
11813,O
11814,E
11815,A
11816,R
11817,S
11818,Y
11819,O
11820,N
11821,N
11822,Y
11823,n
11824,A
11825,I
11826,R
11827,S
11828,E
11829,G
11830,I
11831,t
11832,I
11833,9
11834,E
11835,a
11836,O
11837,W
11838,O
11839,E
11840,E
11841,H
11842,I
11843,N
11844,E
11845,E
11846,T
11847,R
11848,T
11849,N
11850,E
11851,D
11852,O
11853,A
11854,D
11855,V
11856,I
11857,I
11858,4
11859,D
11860,A
11861,n
11862,T
11863,E
11864,F
11865,I
11866,A
11867,A
11868,r
11869,O
11870,A
11871,I
11872,a
11873,A
11874,C
11875,e
11876,E
11877,A
11878,I
11879,O
11880,N
11881,R
11882,S
11883,N
11884,T
11885,N
11886,S
11887,R
11888,T
11889,M
11890,I
11891,o
11892,T
11893,E
11894,e
11895,N
11896,S
11897,E
11898,O
11899,D
11900,C
11901,s
11902,H
11903,T
11904,1
11905,D
11906,R
11907,A
11908,S
11909,F
11910,L
11911,E
11912,R
11913,E
11914,N
11915,C
11916,S
11917,S
11918,E
11919,M
11920,A
11921,P
11922,E
11923,A
11924,e
11925,M
11926,R
11927,O
11928,L
11929,R
11930,A
11931,O
11932,L
11933,D
11934,I
11935,2
11936,D
11937,E
11938,A
11939,t
11940,C
11941,O
11942,N
11943,H
11944,C
11945,S
11946,A
11947,T
11948,H
11949,O
11950,D
11951,O
11952,A
11953,T
11954,e
11955,D
11956,O
11957,G
11958,I
11959,A
11960,e
11961,O
11962,E
11963,E
11964,R
11965,R
11966,R
11967,r
11968,A
11969,T
11970,T
11971,E
11972,I
11973,S
11974,T
11975,C
11976,I
11977,E
11978,R
11979,A
11980,e
11981,P
11982,A
11983,R
11984,N
11985,O
11986,D
11987,H
11988,D
11989,E
11990,O
11991,A
11992,N
11993,A
11994,A
11995,c
11996,A
11997,T
11998,A
11999,E
12000,T
12001,I
12002,A
12003,W
12004,H
12005,P
12006,A
12007,M
12008,A
12009,E
12010,S
12011,N
12012,U
12013,E
12014,7
12015,P
12016,A
12017,R
12018,A
12019,D
12020,T
12021,I
12022,O
12023,E
12024,S
12025,o
12026,S
12027,S
12028,C
12029,I
12030,e
12031,A
12032,O
12033,l
12034,O
12035,N
12036,a
12037,r
12038,A
12039,E
12040,O
12041,D
12042,E
12043,O
12044,A
12045,R
12046,s
12047,A
12048,R
12049,O
12050,n
12051,E
12052,I
12053,E
12054,S
12055,R
12056,A
12057,R
12058,O
12059,R
12060,A
12061,R
12062,I
12063,I
12064,M
12065,R
12066,e
12067,T
12068,H
12069,I
12070,A
12071,H
12072,C
12073,A
12074,A
12075,O
12076,E
12077,R
12078,T
12079,h
12080,R
12081,E
12082,a
12083,I
12084,s
12085,E
12086,A
12087,A
12088,t
12089,S
12090,A
12091,R
12092,M
12093,I
12094,T
12095,A
12096,L
12097,A
12098,l
12099,R
12100,7
12101,r
12102,e
12103,O
12104,L
12105,I
12106,E
12107,L
12108,A
12109,O
12110,o
12111,A
12112,I
12113,N
12114,N
12115,0
12116,K
12117,E
12118,N
12119,N
12120,I
12121,Y
12122,L
12123,T
12124,L
12125,T
12126,I
12127,O
12128,S
12129,A
12130,L
12131,O
12132,R
12133,R
12134,E
12135,O
12136,I
12137,U
12138,O
12139,i
12140,L
12141,C
12142,L
12143,S
12144,A
12145,A
12146,E
12147,I
12148,E
12149,E
12150,A
12151,O
12152,E
12153,R
12154,C
12155,r
12156,A
12157,A
12158,E
12159,O
12160,r
12161,E
12162,R
12163,T
12164,C
12165,O
12166,A
12167,O
12168,P
12169,D
12170,S
12171,c
12172,A
12173,A
12174,T
12175,I
12176,S
12177,A
12178,E
12179,O
12180,r
12181,C
12182,D
12183,C
12184,R
12185,R
12186,A
12187,D
12188,i
12189,E
12190,N
12191,A
12192,E
12193,S
12194,E
12195,N
12196,I
12197,0
12198,3
12199,C
12200,A
12201,E
12202,A
12203,s
12204,T
12205,S
12206,A
12207,A
12208,Y
12209,S
12210,i
12211,E
12212,R
12213,N
12214,N
12215,E
12216,N
12217,R
12218,T
12219,H
12220,m
12221,I
12222,n
12223,N
12224,R
12225,F
12226,J
12227,o
12228,I
12229,S
12230,O
12231,2
12232,E
12233,r
12234,A
12235,E
12236,E
12237,T
12238,A
12239,T
12240,P
12241,R
12242,A
12243,O
12244,P
12245,H
12246,R
12247,N
12248,L
12249,A
12250,S
12251,a
12252,O
12253,n
12254,O
12255,T
12256,O
12257,9
12258,I
12259,e
12260,I
12261,O
12262,I
12263,D
12264,I
12265,C
12266,C
12267,a
12268,C
12269,C
12270,O
12271,O
12272,2
12273,T
12274,O
12275,O
12276,D
12277,I
12278,C
12279,E
12280,R
12281,E
12282,D
12283,E
12284,L
12285,I
12286,R
12287,E
12288,T
12289,e
12290,N
12291,a
12292,A
12293,A
12294,N
12295,N
12296,m
12297,R
12298,C
12299,e
12300,I
12301,N
12302,R
12303,O
12304,S
12305,R
12306,A
12307,O
12308,5
12309,r
12310,e
12311,A
12312,M
12313,O
12314,M
12315,R
12316,A
12317,D
12318,e
12319,n
12320,R
12321,C
12322,I
12323,e
12324,R
12325,A
12326,N
12327,r
12328,R
12329,I
12330,I
12331,D
12332,F
12333,F
12334,r
12335,O
12336,N
12337,C
12338,C
12339,7
12340,N
12341,R
12342,S
12343,T
12344,E
12345,r
12346,I
12347,O
12348,O
12349,A
12350,A
12351,S
12352,A
12353,E
12354,R
12355,n
12356,E
12357,A
12358,A
12359,A
12360,A
12361,I
12362,T
12363,V
12364,Z
12365,P
12366,K
12367,H
12368,E
12369,I
12370,A
12371,O
12372,E
12373,O
12374,N
12375,I
12376,O
12377,N
12378,C
12379,C
12380,R
12381,T
12382,T
12383,O
12384,c
12385,A
12386,C
12387,t
12388,Y
12389,U
12390,S
12391,I
12392,L
12393,r
12394,A
12395,A
12396,C
12397,A
12398,E
12399,N
12400,A
12401,E
12402,L
12403,I
12404,D
12405,A
12406,n
12407,E
12408,T
12409,L
12410,N
12411,O
12412,N
12413,L
12414,t
12415,N
12416,i
12417,I
12418,0
12419,7
12420,H
12421,D
12422,I
12423,N
12424,R
12425,O
12426,A
12427,R
12428,E
12429,O
12430,E
12431,R
12432,I
12433,A
12434,i
12435,D
12436,A
12437,A
12438,R
12439,A
12440,R
12441,R
12442,A
12443,M
12444,O
12445,i
12446,S
12447,T
12448,o
12449,C
12450,A
12451,A
12452,A
12453,E
12454,A
12455,C
12456,I
12457,I
12458,X
12459,l
12460,A
12461,S
12462,i
12463,O
12464,y
12465,E
12466,A
12467,e
12468,e
12469,N
12470,C
12471,I
12472,R
12473,O
12474,E
12475,I
12476,A
12477,I
12478,n
12479,E
12480,O
12481,i
12482,A
12483,L
12484,n
12485,N
12486,O
12487,A
12488,N
12489,A
12490,A
12491,S
12492,R
12493,A
12494,A
12495,C
12496,E
12497,T
12498,A
12499,O
12500,D
12501,R
12502,A
12503,M
